ID,Category,Knowledge Concept
KC001,Data and Information,Data is the symbolic representation of objective things, which can take various forms such as text, images, graphics, audio, and video.
KC002,Data and Information,Information is the semantic interpretation of data and represents the connotation of data.
KC003,Data and Information,Knowledge is an abstract product formed after information is processed and refined, representing laws of motion of objective things.
KC004,Data and Information,The relationship among data, information, and knowledge represents three progressive stages of human perception of objective things.
KC005,Data and Information,Data sources include direct acquisition (from surveys or experiments) and indirect acquisition (from literature, media, or other processed data).
KC006,Data and Information,Data collection methods include direct methods (survey, interview, observation, experiment) and indirect methods (literature search, media monitoring, authoritative websites, search engines, data purchase).
KC007,Data and Information,Data processing involves collection, processing, transmission, storage, retrieval, and output as the six essential links.
KC008,Data and Information,Information has four basic features: carrier dependency, timeliness, value, and shareability.
KC009,Data and Information,Knowledge is the systematic understanding obtained after processing information; it is advanced, abstract, and universal.
KC010,Data and Information,Binary is the fundamental number system used in computers, consisting of digits 0 and 1.
KC011,Data and Information,Number system conversion between decimal, binary, and hexadecimal is a basic data representation skill.
KC012,Data and Information,ASCII code uses 7-bit binary to represent 128 characters including English letters, digits, and common symbols.
KC013,Data and Information,Unicode is an extended character encoding that supports multilingual text representation across systems.
KC014,Data and Information,Sound digitization generally follows three steps: sampling, quantization, and encoding.
KC015,Data and Information,Image color is typically described using the RGB color model, with each channel having 256 intensity levels (0-255) represented by 8 bits.
KC016,Data and Information,Bitmap images are stored as grids of pixels, where each pixel carries color information; vector images are stored as mathematical formulas.
KC017,Data and Information,Data compression includes lossless compression (no data loss) and lossy compression (some data loss).
KC018,Data and Information,Analog signals are continuous signals from physical sensors; digital signals are discrete representations using 0 and 1.
KC019,Data and Information,Big data is characterized by four main features: large volume, multiple types, fast access speed, and high application value.
KC020,Data and Information,Data analysis methods include comparative analysis, average analysis, structural analysis, correlation analysis, and regression analysis.
KC021,Algorithm,An algorithm is a finite sequence of clearly defined instructions for solving a problem with five essential features: finiteness, definiteness, input, output, and feasibility.
KC022,Algorithm,Algorithms can be described using natural language, flowcharts, pseudo-code, or programming languages.
KC023,Algorithm,The three basic structures of algorithms are sequence, selection (branch), and loop (iteration).
KC024,Algorithm,Flowchart symbols include terminator (oval), process (rectangle), decision (diamond), input/output (parallelogram), and connector (circle).
KC025,Algorithm,Sequence structure executes statements one after another in a top-down order.
KC026,Algorithm,Selection structure includes single-branch, double-branch, and multi-branch forms based on condition evaluation.
KC027,Algorithm,Loop structure repeats a set of operations while a condition holds; counted loops have a known number of iterations, conditional loops have an unknown number.
KC028,Algorithm,The divide and conquer strategy breaks a large problem into smaller sub-problems of the same type, solves them individually, and combines results.
KC029,Algorithm,Binary search is an efficient search algorithm that repeatedly divides a sorted list in half to locate a target.
KC030,Algorithm,Enumeration tests every possible answer against conditions to find valid solutions.
KC031,Algorithm,Recursive algorithms call themselves to solve problems that can be broken into smaller similar sub-problems.
KC032,Algorithm,Algorithm efficiency can be measured by time complexity and space complexity.
KC033,Algorithm,Greedy, dynamic programming, and backtracking are common advanced algorithmic strategies.
KC034,Programming Language,Programming languages can be classified as machine language, assembly language, and high-level language.
KC035,Programming Language,Machine language consists of binary 0/1 instructions and can be directly executed by the computer.
KC036,Programming Language,Assembly language uses English mnemonics to replace machine instructions and is translated by an assembler.
KC037,Programming Language,High-level languages are closer to natural language and are independent of specific computer systems.
KC038,Programming Language,Source code written in a high-level language must be translated into machine code by an interpreter or compiler.
KC039,Python Basics,Python is an interpreted, high-level, general-purpose programming language widely used in education and data science.
KC040,Python Basics,Python variables are storage locations whose values may change during program execution.
KC041,Python Basics,Python variable naming rules: must start with a letter or underscore, can include letters, digits, underscores, is case-sensitive, and cannot be a reserved keyword.
KC042,Python Basics,Python data types include int (integers), float (decimals), str (strings), bool (boolean True/False), and list (sequences).
KC043,Python Basics,Python arithmetic operators include +, -, *, /, // (integer division), % (modulus), and ** (power).
KC044,Python Basics,Python comparison operators include ==, !=, >, <, >=, and <=, returning boolean values.
KC045,Python Basics,Python logical operators include and, or, and not for combining boolean expressions.
KC046,Python Basics,Python assignment statements bind a name to a value or expression result; compound assignments include +=, -=, *=, /=.
KC047,Python Basics,The input() function reads a line of text from the keyboard and returns a string.
KC048,Python Basics,The print() function outputs values to the standard output device (console).
KC049,Python Basics,The int(), float(), str(), and bool() functions convert values between data types.
KC050,Python Basics,The len() function returns the number of elements in a sequence; the range() function generates arithmetic sequences of integers.
KC051,Python Basics,A Python if statement executes a block when the condition is true; if-else provides two branches; if-elif-else supports multiple branches.
KC052,Python Basics,A Python for loop iterates over a sequence (such as range, list, or string) for a known number of times.
KC053,Python Basics,A Python while loop repeats a block as long as its condition remains true.
KC054,Python Basics,The break statement exits the nearest enclosing loop; continue skips the rest of the current iteration.
KC055,Python Basics,Python lists are ordered, mutable collections accessed by index, supporting operations like append, insert, remove, sort, and reverse.
KC056,Python Basics,List indexing starts at 0 for forward access and -1 for the last element; slicing follows the syntax list[start:stop:step].
KC057,Python Basics,Python strings are immutable sequences of characters supporting indexing, slicing, concatenation (+), and repetition (*).
KC058,Python Basics,The ord() function returns the ASCII (or Unicode) code of a character; chr() returns the character for a given code.
KC059,Python Basics,Python functions are defined with 'def function_name(parameters):' and may return values using 'return'.
KC060,Python Basics,Python supports user-defined functions and built-in functions; functions help code reuse and modularity.
KC061,Python Basics,Functions may have parameters (inputs) and return values (outputs); both can be omitted.
KC062,Python Basics,Modules are imported with 'import module_name' or 'from module_name import item'.
KC063,Python Basics,The turtle module provides simple drawing commands like forward, backward, left, right, and penup/pendown.
KC064,Python Basics,The math module provides mathematical functions like sqrt(), sin(), cos(), log(), and constants like pi.
KC065,Python Basics,The random module provides functions like randint(), random(), choice(), and seed() for generating random values.
KC066,Python Basics,Python uses indentation to define code blocks; consistent indentation is required for correct execution.
KC067,Python Basics,Python comments start with # and are ignored by the interpreter.
KC068,Python Basics,Common Python errors include syntax errors (parsing), runtime errors (e.g., zero division), and semantic/logic errors (wrong output).
KC069,Computer System,A computer system consists of hardware (physical components) and software (instructions and data).
KC070,Computer System,Hardware includes input devices, output devices, arithmetic/logic unit, controller, and memory (the five logical components).
KC071,Computer System,Memory is divided into RAM (volatile main memory), ROM (read-only firmware), cache (fast buffer), and secondary storage (HDD, SSD).
KC072,Computer System,Software is divided into system software (operating systems, language processors, utilities) and application software (office, multimedia, games).
KC073,Computer System,Common operating systems for personal computers include Windows, macOS, and Linux; mobile devices use Android, iOS, or HarmonyOS.
KC074,Computer System,CPU performance depends on clock speed (GHz), number of cores, cache size, and instruction set architecture.
KC075,Computer System,Storage units follow binary multiples: 1 KB = 1024 B, 1 MB = 1024 KB, 1 GB = 1024 MB, 1 TB = 1024 GB; 1 byte = 8 bits.
KC076,Computer System,Information can be input into a computer via keyboard, mouse, scanner, microphone, touch screen, or sensor.
KC077,Computer System,Information can be output via monitor, printer, speaker, or actuator; display quality depends on resolution and color depth.
KC078,Computer Network,A computer network is a system that connects independent computers through communication lines to share resources and exchange data.
KC079,Computer Network,Networks are classified by scale as PAN, LAN, MAN, WAN, and WLAN.
KC080,Computer Network,LAN (Local Area Network) covers a small area like a building or campus; MAN covers a city; WAN covers large geographical regions or countries.
KC081,Computer Network,WLAN (Wireless LAN) uses radio waves instead of cables; it requires wireless routers and wireless network adapters.
KC082,Computer Network,The Internet is a global interconnected network that uses TCP/IP as its core protocol suite.
KC083,Computer Network,Network topology describes how nodes connect; common types include bus, star, ring, and mesh.
KC084,Computer Network,Network protocols define rules for data exchange; examples include TCP/IP, HTTP, FTP, SMTP, and POP3.
KC085,Computer Network,TCP/IP is the foundational protocol suite of the Internet; TCP ensures reliable transmission, IP handles addressing and routing.
KC086,Computer Network,An IP address identifies a device on a network; IPv4 uses 32 bits, IPv6 uses 128 bits to address the exhaustion problem.
KC087,Computer Network,A subnet mask divides an IP address into network and host portions; gateway is the router used to exit a local network.
KC088,Computer Network,DNS (Domain Name System) translates human-readable domain names into IP addresses.
KC089,Computer Network,Common network devices include modem (signal conversion), router (inter-network routing), switch (LAN switching), hub (signal repeater), and firewall (security).
KC090,Computer Network,Bandwidth refers to the maximum data rate a link can carry (measured in bps); network speed is the actual throughput (often measured in B/s).
KC091,Computer Network,Wireless communication technologies include Wi-Fi, Bluetooth, NFC, infrared, ZigBee, and cellular networks (4G, 5G).
KC092,Computer Network,Bluetooth is a short-range wireless technology for connecting personal devices; Wi-Fi provides wireless LAN access.
KC093,Computer Network,NFC (Near Field Communication) is a very short range contactless technology used in mobile payments and identity cards.
KC094,Computer Network,RFID (Radio Frequency Identification) uses radio waves to identify and track tags attached to objects.
KC095,Computer Network,4G provides high-speed mobile Internet; 5G offers much higher bandwidth, lower latency, and massive device connectivity.
KC096,Computer Network,Common basic network commands include ping (test connectivity), ipconfig (view configuration), tracert (trace route), and netstat (view connections).
KC097,Information System,An information system is a man-machine interactive platform consisting of people, hardware, software, data, network, and regulations.
KC098,Information System,Information systems have five basic functions: input, processing, storage, output, and control.
KC099,Information System,Information systems are classified as Transaction Processing Systems (TPS), Management Information Systems (MIS), Decision Support Systems (DSS), and Expert Systems.
KC100,Information System,System architecture types include Client/Server (C/S), Browser/Server (B/S), and Peer-to-Peer (P2P).
KC101,Information System,System development follows phases such as feasibility analysis, requirement analysis, design, implementation, testing, deployment, and maintenance.
KC102,Information System,Access control is a security technique in information systems where users have different permissions to access resources.
KC103,Database,A database is an organized, long-term, shared collection of data managed by a Database Management System (DBMS).
KC104,Database,A DBMS defines, creates, maintains, and controls access to databases; examples include MySQL, Access, and Oracle.
KC105,Database,The relational model organizes data into tables (relations) composed of rows (records) and columns (fields) linked by keys.
KC106,Database,Structured Query Language (SQL) is used to create, query (SELECT), insert (INSERT), update (UPDATE), and delete (DELETE) records.
KC107,Database,Common data analysis tasks include filtering, sorting, aggregation, grouping, and joining tables.
KC108,Database,Data backup strategies include full backup, incremental backup, differential backup, real-time backup, and scheduled backup.
KC109,IoT,The Internet of Things (IoT) connects physical objects to the Internet for information exchange, enabling intelligent identification, tracking, monitoring, and management.
KC110,IoT,IoT architectures typically include a perception layer (sensors/RFID), network layer (transmission), and application layer (services).
KC111,IoT,Sensor technology is the foundation of IoT; sensors collect physical signals such as temperature, humidity, light, motion, and pressure.
KC112,IoT,A QR code is a two-dimensional matrix barcode that stores text, numbers, or URLs and can be read by camera/scanner.
KC113,IoT,Sharing bikes combine QR codes, GPS positioning, mobile payment, and cloud services into a typical IoT application.
KC114,IoT,Smart home systems use IoT to connect lighting, HVAC, security, and appliances for remote control and automation.
KC115,IoT,Wearable devices such as smart watches and bands integrate sensors for heart rate, sleep, and step counting.
KC116,Information Security,Computer viruses are programs that damage computer functions or data with features including propagation, concealment, latency, and destruction.
KC117,Information Security,Malware types include viruses, worms, Trojans, ransomware, spyware, and adware.
KC118,Information Security,Anti-virus software detects, prevents, and removes malware using signature-based and heuristic methods.
KC119,Information Security,A firewall monitors and filters incoming/outgoing network traffic based on security policies to protect internal networks.
KC120,Information Security,Firewalls can be implemented in hardware (appliance) or software (program); both can be configured with rules.
KC121,Information Security,Information security aims to ensure confidentiality, integrity, availability, and controllability of data.
KC122,Information Security,Encryption transforms plaintext into ciphertext using an algorithm and key; decryption reverses the process.
KC123,Information Security,Encryption algorithms include symmetric (same key) and asymmetric (public/private key pair) schemes such as XOR, AES, and RSA.
KC124,Information Security,Digital signatures use asymmetric cryptography to authenticate identity and ensure message integrity and non-repudiation.
KC125,Information Security,Cookies are small text files stored on a user's device by web servers to remember sessions, preferences, and tracking data.
KC126,Information Security,Personal privacy protection includes strong passwords, two-factor authentication, avoiding public Wi-Fi for sensitive operations, and reviewing app permissions.
KC127,Information Security,Network security protocols such as SSL/TLS and HTTPS encrypt data in transit between browsers and servers.
KC128,Information Security,Cybersecurity threats include hacking, phishing, social engineering, ransomware, and denial-of-service attacks.
KC129,Ethics and Law,Copyright protects original works of authorship including software, articles, music, and videos, granting creators exclusive rights.
KC130,Ethics and Law,Software piracy (using or distributing unauthorized copies) violates copyright law and intellectual property rights.
KC131,Ethics and Law,Information laws in China include the Cybersecurity Law, Data Security Law, and Personal Information Protection Law.
KC132,Ethics and Law,Information ethics emphasize honesty, respect for privacy, responsible publication, and avoidance of harmful content.
KC133,Ethics and Law,Netiquette rules include not insulting others, respecting intellectual property, avoiding spam, and refraining from cyberbullying.
KC134,Ethics and Law,Cyberbullying involves using digital technologies to harass, threaten, or humiliate others and is illegal in many jurisdictions.
KC135,Ethics and Law,The digital divide refers to inequalities in access to and use of information technology across different groups.
KC136,Information Society,Information society has four defining characteristics: information economy, network society, digital life, and e-government (online government).
KC137,Information Society,Information economy refers to economic activities where information itself is a key resource, product, and value driver.
KC138,Information Society,Network society describes how social interactions are mediated and organized through networked digital platforms.
KC139,Information Society,Digital life refers to daily activities increasingly conducted through digital means such as online shopping, mobile payments, and streaming.
KC140,Information Society,E-government uses online platforms to provide public services such as social security, transportation, education, and healthcare information.
KC141,Information Society,Digital learning uses digital tools, platforms, and resources to support self-paced, personalized, and collaborative learning.
KC142,Information Society,Online collaboration tools include video conferencing (Zoom, Tencent Meeting), collaborative documents (Tencent Docs), and learning management systems.
KC143,Information Society,E-commerce business models include B2C, C2C, B2B, O2O, and live commerce.
KC144,Information Society,Mobile payment methods include QR-code-based and NFC-based systems such as Alipay and WeChat Pay.
KC145,Information Society,Sharing economy platforms (shared bikes, cars, housing) leverage digital platforms to optimize resource utilization.
KC146,AI and Emerging Tech,Artificial Intelligence (AI) is a branch of computer science devoted to developing systems that perform tasks requiring human-like intelligence.
KC147,AI and Emerging Tech,Machine learning enables computers to learn from data without being explicitly programmed for each case.
KC148,AI and Emerging Tech,Deep learning uses multi-layer neural networks to automatically extract features from large datasets.
KC149,AI and Emerging Tech,AI development history includes symbolic reasoning, expert systems, statistical learning, and deep learning eras.
KC150,AI and Emerging Tech,Computer vision enables machines to recognize, classify, and interpret images and videos.
KC151,AI and Emerging Tech,Speech recognition converts spoken language to text; speech synthesis (text-to-speech) generates voice from text.
KC152,AI and Emerging Tech,Natural Language Processing (NLP) allows machines to understand, interpret, and generate human language.
KC153,AI and Emerging Tech,Machine translation automatically translates text between natural languages using AI techniques.
KC154,AI and Emerging Tech,Biometric recognition identifies individuals based on unique biological characteristics such as fingerprints, faces, irises, and voices.
KC155,AI and Emerging Tech,Expert systems encode specialized knowledge and inference rules to solve domain-specific problems.
KC156,AI and Emerging Tech,Autonomous driving combines computer vision, sensor fusion, and decision-making AI to operate vehicles without human input.
KC157,AI and Emerging Tech,Intelligent assistants (e.g., Siri, Xiao Ai, Xiao Du) use speech recognition and NLP to interact with users.
KC158,AI and Emerging Tech,AlphaGo defeated top human Go players through deep reinforcement learning, demonstrating AI capability in complex strategy games.
KC159,AI and Emerging Tech,Generative AI such as large language models (LLMs) can produce text, images, music, and code in response to prompts.
KC160,AI and Emerging Tech,Robotics integrates AI with mechanical engineering to perform physical tasks in manufacturing, healthcare, and exploration.
KC161,AI and Emerging Tech,AI applications in education include intelligent tutoring, plagiarism detection, automated grading, and personalized learning.
KC162,AI and Emerging Tech,AI applications in healthcare include medical imaging diagnosis, drug discovery, robotic surgery, and epidemic monitoring.
KC163,AI and Emerging Tech,Beidou is China's independently developed global navigation satellite system (GNSS).
KC164,AI and Emerging Tech,The BeiDou system supports positioning, navigation, and timing services for transportation, mapping, and disaster relief.
KC165,Cloud and Big Data,Cloud computing delivers computing resources (servers, storage, software) over the Internet on demand.
KC166,Cloud and Big Data,Cloud service models include IaaS (Infrastructure as a Service), PaaS (Platform as a Service), and SaaS (Software as a Service).
KC167,Cloud and Big Data,Smart city initiatives use cloud computing, big data, and IoT to integrate urban services for better management and citizen experience.
KC168,Cloud and Big Data,Data mining extracts useful patterns and knowledge from large datasets using techniques such as clustering, classification, and association rules.
KC169,Cloud and Big Data,Big data applications include recommendation systems, traffic prediction, public health surveillance, and financial risk analysis.
KC170,Digital Tools,Common productivity tools include word processors (WPS Word, MS Word), spreadsheets (WPS Excel, MS Excel), and presentation software (PowerPoint).
KC171,Digital Tools,Mind mapping tools (XMind, MindNode) help organize ideas and structure knowledge visually.
KC172,Digital Tools,Photoshop is a professional image processing application used for editing photos and creating graphics.
KC173,Digital Tools,Drawing software includes Microsoft Paint, SketchBook, and geometric drawing tools like Geometer's Sketchpad.
KC174,Data Visualization,Data visualization techniques include bar charts (comparisons), pie charts (proportions), line charts (trends over time), scatter plots (correlations), and radar charts (multi-dimensional data).
KC175,Data Visualization,Effective data visualization must be accurate, clear, and honest; axes, scales, and labels must be properly defined.
