ID,Class,Virtual Student Number
1,15,830821501
2,15,830821502
3,15,830821503
4,15,830821504
5,15,830821505
6,15,830821506
7,15,830821507
8,15,830821508
9,15,830821509
10,15,830821510
11,15,830821511
12,15,830821512
13,15,830821513
14,15,830821514
15,15,830821515
16,15,830821516
17,15,830821517
18,15,830821518
19,15,830821519
20,15,830821520
21,15,830821521
22,15,830821522
23,15,830821523
24,15,830821524
25,15,830821525
26,15,830821526
27,15,830821527
28,15,830821528
29,15,830821529
30,15,830821530
31,15,830821531
32,15,830821532
33,15,830821533
34,15,830821534
35,15,830821535
36,15,830821536
37,15,830821537
38,15,830821538
39,15,830821539
40,15,830821540
41,15,830821541
42,15,830821542
43,15,830821543
44,16,830821601
45,16,830821602
46,16,830821603
47,16,830821604
48,16,830821605
49,16,830821606
50,16,830821607
51,16,830821608
52,16,830821609
53,16,830821610
54,16,830821611
55,16,830821612
56,16,830821613
57,16,830821614
58,16,830821615
59,16,830821616
60,16,830821617
61,16,830821618
62,16,830821619
63,16,830821620
64,16,830821621
65,16,830821622
66,16,830821623
67,16,830821624
68,16,830821625
69,16,830821626
70,16,830821627
71,16,830821628
72,16,830821629
73,16,830821630
74,16,830821631
75,16,830821632
76,16,830821633
77,16,830821634
78,16,830821635
79,16,830821636
80,16,830821637
81,16,830821638
82,16,830821639
83,16,830821640
84,16,830821641
85,16,830821642
86,16,830821643
87,16,830821644
88,16,830821645
89,17,830821701
90,17,830821702
91,17,830821703
92,17,830821704
93,17,830821705
94,17,830821706
95,17,830821707
96,17,830821708
97,17,830821709
98,17,830821710
99,17,830821711
100,17,830821712
101,17,830821713
102,17,830821714
103,17,830821715
104,17,830821716
105,17,830821717
106,17,830821718
107,17,830821719
108,17,830821720
109,17,830821721
110,17,830821722
111,17,830821723
112,17,830821724
113,17,830821725
114,17,830821726
115,17,830821727
116,17,830821728
117,17,830821729
118,17,830821730
119,17,830821731
120,17,830821732
121,17,830821733
122,17,830821734
123,17,830821735
124,17,830821736
125,17,830821737
126,17,830821738
127,17,830821739
128,17,830821740
129,17,830821741
130,17,830821742
131,17,830821743
132,17,830821744
133,18,830821801
134,18,830821802
135,18,830821803
136,18,830821804
137,18,830821805
138,18,830821806
139,18,830821807
140,18,830821808
141,18,830821809
142,18,830821810
143,18,830821811
144,18,830821812
145,18,830821813
146,18,830821814
147,18,830821815
148,18,830821816
149,18,830821817
150,18,830821818
151,18,830821819
152,18,830821820
153,18,830821821
154,18,830821822
155,18,830821823
156,18,830821824
157,18,830821825
158,18,830821826
159,18,830821827
160,18,830821828
161,18,830821829
162,18,830821830
163,18,830821831
164,18,830821832
165,18,830821833
166,18,830821834
167,18,830821835
168,18,830821836
169,18,830821837
170,18,830821838
171,18,830821839
172,18,830821840
173,18,830821841
174,18,830821842
175,18,830821843
176,18,830821844
177,18,830821845
178,18,830821846
179,18,830821847
180,18,830821848
181,19,830821901
182,19,830821902
183,19,830821903
184,19,830821904
185,19,830821905
186,19,830821906
187,19,830821907
188,19,830821908
189,19,830821909
190,19,830821910
191,19,830821911
192,19,830821912
193,19,830821913
194,19,830821914
195,19,830821915
196,19,830821916
197,19,830821917
198,19,830821918
199,19,830821919
200,19,830821920
201,19,830821921
202,19,830821922
203,19,830821923
204,19,830821924
205,19,830821925
206,19,830821926
207,19,830821927
208,19,830821928
209,19,830821929
210,19,830821930
211,19,830821931
212,19,830821932
213,19,830821933
214,19,830821934
215,19,830821935
216,19,830821936
217,19,830821937
218,19,830821938
219,19,830821939
220,19,830821940
221,19,830821941
222,19,830821942
223,19,830821943
224,19,830821944
225,19,830821945
226,19,830821946
227,19,830821947
228,19,830821948
229,19,830821949
230,19,830821950
231,19,830821951
232,19,830821952
233,19,830821953
234,19,830821954
235,19,830821955
236,19,830821956
237,19,830821957
238,19,830821958
239,19,830821959
240,19,830821960
241,19,830821961
242,20,830822001
243,20,830822002
244,20,830822003
245,20,830822004
246,20,830822005
247,20,830822006
248,20,830822007
249,20,830822008
250,20,830822009
251,20,830822010
252,20,830822011
253,20,830822012
254,20,830822013
255,20,830822014
256,20,830822015
257,20,830822016
258,20,830822017
259,20,830822018
260,20,830822019
261,20,830822020
262,20,830822021
263,20,830822022
264,20,830822023
265,20,830822024
266,20,830822025
267,20,830822026
268,20,830822027
269,20,830822028
270,20,830822029
271,20,830822030
272,20,830822031
273,20,830822032
274,20,830822033
275,20,830822034
276,20,830822035
277,20,830822036
278,20,830822037
279,20,830822038
280,20,830822039
281,20,830822040
282,20,830822041
283,20,830822042
284,20,830822043
285,20,830822044
286,20,830822045
287,20,830822046
288,20,830822047
289,21,830822101
290,21,830822102
291,21,830822103
292,21,830822104
293,21,830822105
294,21,830822106
295,21,830822107
296,21,830822108
297,21,830822109
298,21,830822110
299,21,830822111
300,21,830822112
301,21,830822113
302,21,830822114
303,21,830822115
304,21,830822116
305,21,830822117
306,21,830822118
307,21,830822119
308,21,830822120
309,21,830822121
310,21,830822122
311,21,830822123
312,21,830822124
313,21,830822125
314,21,830822126
315,21,830822127
316,21,830822128
317,21,830822129
318,21,830822130
319,21,830822131
320,21,830822132
321,21,830822133
322,21,830822134
323,21,830822135
324,21,830822136
325,21,830822137
326,21,830822138
327,21,830822139
328,21,830822140
329,21,830822141
330,21,830822142
331,21,830822143
332,21,830822144
333,21,830822145
334,21,830822146
335,21,830822147
336,21,830822148
337,21,830822149
338,21,830822150
339,22,830822201
340,22,830822202
341,22,830822203
342,22,830822204
343,22,830822205
344,22,830822206
345,22,830822207
346,22,830822208
347,22,830822209
348,22,830822210
349,22,830822211
350,22,830822212
351,22,830822213
352,22,830822214
353,22,830822215
354,22,830822216
355,22,830822217
356,22,830822218
357,22,830822219
358,22,830822220
359,22,830822221
360,22,830822222
361,22,830822223
362,22,830822224
363,22,830822225
364,22,830822226
365,22,830822227
366,22,830822228
367,22,830822229
368,22,830822230
369,22,830822231
370,22,830822232
371,22,830822233
372,22,830822234
373,22,830822235
374,22,830822236
375,22,830822237
376,22,830822238
377,22,830822239
378,22,830822240
379,22,830822241
380,22,830822242
381,22,830822243
382,22,830822244
383,22,830822245
384,22,830822246
385,22,830822247
386,23,830822301
387,23,830822302
388,23,830822303
389,23,830822304
390,23,830822305
391,23,830822306
392,23,830822307
393,23,830822308
394,23,830822309
395,23,830822310
396,23,830822311
397,23,830822312
398,23,830822313
399,23,830822314
400,23,830822315
401,23,830822316
402,23,830822317
403,23,830822318
404,23,830822319
405,23,830822320
406,23,830822321
407,23,830822322
408,23,830822323
409,23,830822324
410,23,830822325
